Produto;URL
Casual Day;https://powerbiexperience.com/arquivos/CamisasFloridas/casual_day.png
Psyco Universe;https://powerbiexperience.com/arquivos/CamisasFloridas/psyco_universe.jpg
Psyco Classic;https://powerbiexperience.com/arquivos/CamisasFloridas/psyco_classic.jpg
Marine Slim;https://powerbiexperience.com/arquivos/CamisasFloridas/marine_slim.jpg
Psyco Crew;https://powerbiexperience.com/arquivos/CamisasFloridas/psyco_crew.jpg
Cammelina;https://powerbiexperience.com/arquivos/CamisasFloridas/cammelina.jpg
Klamath;https://powerbiexperience.com/arquivos/CamisasFloridas/klamath.jpg
Klamath Weed;https://powerbiexperience.com/arquivos/CamisasFloridas/klamath_weed.jpg
Klamath White;https://powerbiexperience.com/arquivos/CamisasFloridas/klamath_white.jpg
Havaiana;https://powerbiexperience.com/arquivos/CamisasFloridas/havaiana.jpg
Lilium;https://powerbiexperience.com/arquivos/CamisasFloridas/lilium.jpg
Blazer Slim Fit;https://powerbiexperience.com/arquivos/CamisasFloridas/blazer_slim_fit.jpg
Paeonia;https://powerbiexperience.com/arquivos/CamisasFloridas/paeonia.jpg
Roseta;https://powerbiexperience.com/arquivos/CamisasFloridas/roseta.jpg
Blazer Poderoso Chefão;https://powerbiexperience.com/arquivos/CamisasFloridas/blazer_poderoso_chefao.jpg
Intense;https://powerbiexperience.com/arquivos/CamisasFloridas/intense.jpg
Folhagem;https://powerbiexperience.com/arquivos/CamisasFloridas/folhagem.jpg
Caribe;https://powerbiexperience.com/arquivos/CamisasFloridas/caribe.jpg
Tropical;https://powerbiexperience.com/arquivos/CamisasFloridas/tropical.jpg
Canadense;https://powerbiexperience.com/arquivos/CamisasFloridas/canadense.jpg
Cigano;https://powerbiexperience.com/arquivos/CamisasFloridas/cigano.jpg
Porto Rico;https://powerbiexperience.com/arquivos/CamisasFloridas/porto_rico.jpg
Oriente;https://powerbiexperience.com/arquivos/CamisasFloridas/oriente.jpg
Beach Flash;https://powerbiexperience.com/arquivos/CamisasFloridas/beach_flash.jpg
Incomparaveis;https://powerbiexperience.com/arquivos/CamisasFloridas/incomparaveis.jpg
